,model,error,length,cprs
0,Imperial,,,
1,IHME,957.0517407407408,2202.009259259259,0.2595719001610306
2,YYG,365.29211596463114,1318.8126291358606,0.16419347826086958
